<?xml version="1.0" encoding="UTF-8"?>
<rss version="2.0" xmlns:ror="http://rorweb.com/0.1/" >
<channel>
  <title>ROR Sitemap for http://www.alenta.com.co/web/</title>
  <link>http://www.alenta.com.co/web/</link>

<item>
     <link>http://www.alenta.com.co/web/</link>
     <title>Alenta</title>
     <description>Alenta primer centro médico ambulatorio de Colombia</description>
     <ror:updatePeriod></ror:updatePeriod>
     <ror:sortOrder>0</ror:sortOrder>
     <ror:resourceOf>sitemap</ror:resourceOf>
</item>
</channel>
</rss>
  